{
  "C": {
    "final_metrics": {
      "aupr": 0.5611513538706613,
      "fmax": 0.7068886050794767,
      "fmax_threshold": 0.23,
      "micro_f1": 0.47944196525280536,
      "micro_precision": 0.6955563424103317,
      "micro_recall": 0.36578875748837836,
      "score": 0.7068886050794767
    },
    "folds": {
      "blast": 2,
      "esm2-20": 0,
      "esm2-33": 3,
      "prott5": 0
    },
    "heldout": {
      "0": {
        "heldout_metrics": {
          "aupr": 0.5658582485080071,
          "fmax": 0.7089298816620041,
          "fmax_threshold": 0.23,
          "micro_f1": 0.4819402444317697,
          "micro_precision": 0.6980598767548919,
          "micro_recall": 0.36800556596434714,
          "smin": 15.436971796669447
        },
        "train_metrics": {
          "aupr": 0.5599902640424496,
          "fmax": 0.7063698997719579,
          "fmax_threshold": 0.23,
          "micro_f1": 0.47881232195181045,
          "micro_precision": 0.694924105643265,
          "micro_recall": 0.36523064403787403,
          "score": 0.7063698997719579
        },
        "weights": {
          "blast": 0.20000000298023224,
          "esm2-20": 0.15000000596046448,
          "esm2-33": 0.3499999940395355,
          "prott5": 0.30000001192092896
        }
      },
      "1": {
        "heldout_metrics": {
          "aupr": 0.5566937966826981,
          "fmax": 0.7049820153706099,
          "fmax_threshold": 0.23,
          "micro_f1": 0.47419528599921384,
          "micro_precision": 0.6923730975257206,
          "micro_recall": 0.3605729847012199,
          "smin": 15.33609303879133
        },
        "train_metrics": {
          "aupr": 0.5622910679364947,
          "fmax": 0.7073617715097745,
          "fmax_threshold": 0.23,
          "micro_f1": 0.4807405432283822,
          "micro_precision": 0.6963379340760284,
          "micro_recall": 0.3670851074074329,
          "score": 0.7073617715097745
        },
        "weights": {
          "blast": 0.20000000298023224,
          "esm2-20": 0.15000000596046448,
          "esm2-33": 0.3499999940395355,
          "prott5": 0.30000001192092896
        }
      },
      "2": {
        "heldout_metrics": {
          "aupr": 0.5660489251220643,
          "fmax": 0.7071972453795536,
          "fmax_threshold": 0.23,
          "micro_f1": 0.47997566663287033,
          "micro_precision": 0.7007178879925569,
          "micro_recall": 0.3649941348489104,
          "smin": 15.370035423730153
        },
        "train_metrics": {
          "aupr": 0.5599243393687268,
          "fmax": 0.7068089196091375,
          "fmax_threshold": 0.23,
          "micro_f1": 0.47930902609912907,
          "micro_precision": 0.6942806973535683,
          "micro_recall": 0.3659875039945344,
          "score": 0.7068089196091375
        },
        "weights": {
          "blast": 0.20000000298023224,
          "esm2-20": 0.15000000596046448,
          "esm2-33": 0.3499999940395355,
          "prott5": 0.30000001192092896
        }
      },
      "3": {
        "heldout_metrics": {
          "aupr": 0.5626461392748101,
          "fmax": 0.7090328643530353,
          "fmax_threshold": 0.23,
          "micro_f1": 0.4792743942657032,
          "micro_precision": 0.6995106903520902,
          "micro_recall": 0.36451063971309633,
          "smin": 15.339153228377313
        },
        "train_metrics": {
          "aupr": 0.5607832665099619,
          "fmax": 0.7063557977506958,
          "fmax_threshold": 0.23,
          "micro_f1": 0.4794833764243215,
          "micro_precision": 0.6945864218306864,
          "micro_recall": 0.36610585782574495,
          "score": 0.7063557977506958
        },
        "weights": {
          "blast": 0.20000000298023224,
          "esm2-20": 0.15000000596046448,
          "esm2-33": 0.3499999940395355,
          "prott5": 0.30000001192092896
        }
      },
      "4": {
        "heldout_metrics": {
          "aupr": 0.554864397024152,
          "fmax": 0.704484484168797,
          "fmax_threshold": 0.24000000000000002,
          "micro_f1": 0.48173476947626376,
          "micro_precision": 0.68741041931385,
          "micro_recall": 0.37079236965187495,
          "smin": 15.75615122150778
        },
        "train_metrics": {
          "aupr": 0.5627876121462412,
          "fmax": 0.7075444446200988,
          "fmax_threshold": 0.23,
          "micro_f1": 0.4788589522039511,
          "micro_precision": 0.6976712270923064,
          "micro_recall": 0.3645304166046145,
          "score": 0.7075444446200988
        },
        "weights": {
          "blast": 0.20000000298023224,
          "esm2-20": 0.15000000596046448,
          "esm2-33": 0.3499999940395355,
          "prott5": 0.30000001192092896
        }
      }
    },
    "nested_metrics": {
      "aupr": 0.5611513538706613,
      "fmax": 0.7068886050794765,
      "fmax_threshold": 0.23,
      "micro_f1": 0.47944196525280536,
      "micro_precision": 0.6955563424103317,
      "micro_recall": 0.36578875748837836,
      "smin": 15.447431162241848
    },
    "search_objective": {
      "aupr_beta": 0.0,
      "blast_max_weight": 1.0,
      "fmax_alpha": 1.0
    },
    "weights": {
      "blast": 0.20000000298023224,
      "esm2-20": 0.15000000596046448,
      "esm2-33": 0.3499999940395355,
      "prott5": 0.30000001192092896
    }
  },
  "F": {
    "final_metrics": {
      "aupr": 0.4777788373635666,
      "fmax": 0.7033974125160724,
      "fmax_threshold": 0.19,
      "micro_f1": 0.40625673035628035,
      "micro_precision": 0.6298102188627357,
      "micro_recall": 0.29983070295893605,
      "score": 0.7033974125160724
    },
    "folds": {
      "blast": 1,
      "esm2-20": 0,
      "esm2-33": 0,
      "prott5": 0
    },
    "heldout": {
      "0": {
        "heldout_metrics": {
          "aupr": 0.4896385394146939,
          "fmax": 0.70596630984467,
          "fmax_threshold": 0.2,
          "micro_f1": 0.4260454318931638,
          "micro_precision": 0.6414352467423926,
          "micro_recall": 0.3189455689148729,
          "smin": 13.501018879337778
        },
        "train_metrics": {
          "aupr": 0.4756748224678196,
          "fmax": 0.7026375086235178,
          "fmax_threshold": 0.19,
          "micro_f1": 0.3963487110014434,
          "micro_precision": 0.6323473410113111,
          "micro_recall": 0.2886292582440168,
          "score": 0.7026375086235178
        },
        "weights": {
          "blast": 0.25,
          "esm2-20": 0.30000001192092896,
          "esm2-33": 0.20000000298023224,
          "prott5": 0.25
        }
      },
      "1": {
        "heldout_metrics": {
          "aupr": 0.47665709054227684,
          "fmax": 0.7037326582962817,
          "fmax_threshold": 0.18000000000000002,
          "micro_f1": 0.4095213362301032,
          "micro_precision": 0.630205084217093,
          "micro_recall": 0.3033092202174872,
          "smin": 13.839134309708527
        },
        "train_metrics": {
          "aupr": 0.47882160075108415,
          "fmax": 0.7032733237924781,
          "fmax_threshold": 0.19,
          "micro_f1": 0.4062422140023382,
          "micro_precision": 0.6324324324324324,
          "micro_recall": 0.29922428822503877,
          "score": 0.7032733237924781
        },
        "weights": {
          "blast": 0.25,
          "esm2-20": 0.3499999940395355,
          "esm2-33": 0.20000000298023224,
          "prott5": 0.20000000298023224
        }
      },
      "2": {
        "heldout_metrics": {
          "aupr": 0.48603851870366327,
          "fmax": 0.7026111339646911,
          "fmax_threshold": 0.19,
          "micro_f1": 0.40119046091875876,
          "micro_precision": 0.6421370346795885,
          "micro_recall": 0.2917269106275011,
          "smin": 13.724632652851833
        },
        "train_metrics": {
          "aupr": 0.475491632617357,
          "fmax": 0.7036139759095956,
          "fmax_threshold": 0.2,
          "micro_f1": 0.40548873367711025,